date,cow_dung_incoming_mt,food_waste_incoming_mt,veg_waste_incoming_mt,total_incoming_mt,processed_cow_dung_mt,processed_food_waste_mt,mavitech_processed_mt,total_processed_mt,recycle_water_m3,fresh_water_m3,total_water_m3,feed_digester_1_m3,feed_digester_2_m3,feed_total_m3,ph_inlet,ph_outlet_d1,ph_outlet_d2,temp_outlet_d1_c,temp_outlet_d2_c,raw_gas_d1_nm3,raw_gas_d2_nm3,raw_gas_total_nm3,raw_gas_utilized_total_nm3,scrubber_gas_flow_outlet_nm3,raw_gas_total_raw_nm3,cow_dung_incoming_mt_was_missing,food_waste_incoming_mt_was_missing,veg_waste_incoming_mt_was_missing,total_incoming_mt_was_missing,processed_cow_dung_mt_was_missing,processed_food_waste_mt_was_missing,mavitech_processed_mt_was_missing,total_processed_mt_was_missing,recycle_water_m3_was_missing,fresh_water_m3_was_missing,total_water_m3_was_missing,feed_digester_1_m3_was_missing,feed_digester_2_m3_was_missing,feed_total_m3_was_missing,ph_inlet_was_missing,ph_outlet_d1_was_missing,ph_outlet_d2_was_missing,temp_outlet_d1_c_was_missing,temp_outlet_d2_c_was_missing,raw_gas_utilized_total_nm3_was_missing,scrubber_gas_flow_outlet_nm3_was_missing,biogas_prod_was_missing,biogas_prod_feature_imputed,target_biogas_next_day_nm3,target_is_valid,biogas_today_nm3,biogas_lag_1d,biogas_lag_2d,biogas_lag_3d,biogas_lag_7d,feed_total_lag_1d,feedstock_incoming_lag_1d,processed_total_lag_1d,recycle_water_lag_1d,ph_d1_lag_1d,temp_d1_lag_1d,biogas_rolling_mean_3d,biogas_rolling_mean_7d,biogas_rolling_std_7d,feed_rolling_mean_7d,incoming_rolling_mean_7d,day_of_week,is_weekend,month,day_of_month
2025-11-01,15.38,26.72,76.75,118.85,13.78,31.72,26.75,48.15,32.0,0.0,0.0,160.0,0.0,160.0,5.6,7.61,7.83,35.0,33.0,3443.0,0.0,3443.0,3767.0,5827.0,3443.0,0,0,0,0,0,0,0,0,0,1,1,0,0,0,0,0,0,0,0,0,0,0,3443.0,3610.0,1,3443.0,3443.0,3443.0,3443.0,3443.0,160.0,118.85,48.15,32.0,7.61,35.0,3443.0,3443.0,0.0,160.0,118.85,5,1,11,1
2025-11-02,14.32,38.31,77.93,130.56,17.42,38.31,69.75,115.66,49.0,0.0,0.0,180.0,0.0,180.0,5.24,7.75,7.8,36.0,32.0,3610.0,0.0,3610.0,3610.0,6131.0,3610.0,0,0,0,0,0,0,0,0,0,1,1,0,0,0,0,0,0,0,0,0,0,0,3610.0,2070.0,1,3610.0,3443.0,3443.0,3443.0,3443.0,160.0,118.85,48.15,32.0,7.61,35.0,3526.5,3526.5,118.08683245815344,170.0,124.705,6,1,11,2
2025-11-03,14.99,36.84,77.13,128.96,13.22,36.84,58.75,89.49000000000001,36.0,0.0,0.0,180.0,0.0,180.0,4.86,7.7,7.89,36.0,35.0,2070.0,0.0,2070.0,1781.0,3065.0,2070.0,0,0,0,0,0,0,0,0,0,1,1,0,0,0,0,0,0,0,0,0,0,0,2070.0,3091.0,1,2070.0,3610.0,3443.0,3443.0,3443.0,180.0,130.56,115.66,49.0,7.75,36.0,3041.0,3041.0,845.0461525857626,173.33333333333334,126.12333333333332,0,0,11,3
2025-11-04,9.69,30.64,84.48,124.81,10.77,30.64,42.5,71.46,31.0,0.0,0.0,175.0,130.0,305.0,4.85,7.71,7.99,35.0,33.0,3002.0,89.0,3091.0,3219.0,4503.0,3091.0,0,0,0,0,0,0,0,0,0,1,1,0,0,0,0,0,0,0,0,0,0,0,3091.0,3382.0,1,3091.0,2070.0,3610.0,3443.0,3443.0,180.0,128.96,89.49000000000001,36.0,7.7,36.0,2923.6666666666665,3053.5,690.4300592143036,206.25,125.795,1,0,11,4
2025-11-05,9.55,36.28,77.69,123.52,10.24,36.28,28.75,65.10000000000001,30.0,0.0,0.0,110.0,61.0,171.0,4.98,7.68,7.85,35.0,33.0,2571.0,811.0,3382.0,2405.0,3519.0,3382.0,0,0,0,0,0,0,0,0,0,1,1,0,0,0,0,0,0,0,0,0,0,0,3382.0,4567.0,1,3382.0,3091.0,2070.0,3610.0,3443.0,305.0,124.81,71.46,31.0,7.71,35.0,2847.6666666666665,3119.2,615.7131637377911,199.2,125.34,2,0,11,5
2025-11-06,12.33,34.01,74.95,121.29,10.68,36.01,64.25,99.63,41.0,0.0,0.0,170.0,93.0,263.0,5.43,7.62,7.83,36.0,33.0,2709.0,1858.0,4567.0,3605.0,4794.0,4567.0,0,0,0,0,0,0,0,0,0,1,1,0,0,0,0,0,0,0,0,0,0,0,4567.0,5300.0,1,4567.0,3382.0,3091.0,2070.0,3443.0,171.0,123.52,65.10000000000001,30.0,7.68,35.0,3680.0,3360.5,807.8590842467515,209.83333333333331,124.665,3,0,11,6
2025-11-07,14.44,38.51,107.0,159.95,14.53,38.51,44.75,110.82999999999998,48.0,0.0,0.0,180.0,102.0,282.0,5.62,7.57,7.72,36.0,33.0,3233.0,2067.0,5300.0,4580.0,6896.0,5300.0,0,0,0,0,0,0,0,0,0,1,1,0,0,0,0,0,0,0,0,0,0,0,5300.0,3406.0,1,5300.0,4567.0,3382.0,3091.0,3443.0,263.0,121.29,99.63,41.0,7.62,36.0,4416.333333333333,3637.571428571429,1039.8286488876995,220.14285714285717,129.7057142857143,4,0,11,7
2025-11-08,14.46,19.33,109.11,142.9,12.66,18.49,59.75,114.94,52.0,0.0,0.0,160.0,156.0,316.0,5.68,7.63,7.49,36.0,33.0,2913.0,493.0,3406.0,2992.0,4014.0,3406.0,0,0,0,0,0,0,0,0,0,1,1,0,0,0,0,0,0,0,0,0,0,0,3406.0,4287.0,1,3406.0,5300.0,4567.0,3382.0,3443.0,282.0,159.95,110.82999999999998,48.0,7.57,36.0,4424.333333333333,3632.285714285714,1041.075840062531,242.42857142857144,133.14142857142858,5,1,11,8
2025-11-09,11.72,33.52,89.13,134.37,14.28,34.36,57.25,127.87,49.0,0.0,0.0,160.0,165.0,325.0,5.78,7.58,7.52,35.0,34.0,2434.0,1853.0,4287.0,4269.0,5634.0,4287.0,0,0,0,0,0,0,0,0,0,1,1,0,0,0,0,0,0,0,0,0,0,0,4287.0,5881.0,1,4287.0,3406.0,5300.0,4567.0,3610.0,316.0,142.9,114.94,52.0,7.63,36.0,4331.0,3729.0,1069.7127340241086,263.1428571428572,133.68571428571428,6,1,11,9
2025-11-10,18.41,18.31,88.39,125.11,17.02,17.19,31.5,66.55000000000001,46.0,0.0,0.0,150.0,149.0,299.0,5.23,7.37,7.45,35.0,35.0,3402.0,2479.0,5881.0,6335.0,8259.0,5881.0,0,0,0,0,0,0,0,0,0,1,1,0,0,0,0,0,0,0,0,0,0,0,5881.0,5670.0,1,5881.0,4287.0,3406.0,5300.0,2070.0,325.0,134.37,127.87,49.0,7.58,35.0,4524.666666666667,4273.428571428572,1054.33373229145,280.1428571428572,133.1357142857143,0,0,11,10
2025-11-11,18.65,25.63,96.79,141.07,18.37,26.75,31.5,79.26,42.0,0.0,0.0,165.0,160.0,325.0,5.68,7.5,7.42,33.0,33.0,2638.0,3032.0,5670.0,4877.0,5593.0,5670.0,0,0,0,0,0,0,0,0,0,1,1,0,0,0,0,0,0,0,0,0,0,0,5670.0,4903.0,1,5670.0,5881.0,4287.0,3406.0,3091.0,299.0,125.11,66.55000000000001,46.0,7.37,35.0,5279.333333333333,4641.857142857143,1022.400350249586,283.0,135.45857142857145,1,0,11,11
2025-11-12,17.1,37.75,95.04,149.89,16.87,37.17,57.25,119.24000000000002,43.0,0.0,0.0,161.0,160.0,321.0,5.7,7.38,7.65,35.0,35.0,2752.0,2151.0,4903.0,4760.0,5543.0,4903.0,0,0,0,0,0,0,0,0,0,1,1,0,0,0,0,0,0,0,0,0,0,0,4903.0,5182.0,1,4903.0,5670.0,5881.0,4287.0,3382.0,325.0,141.07,79.26,42.0,7.5,33.0,5484.666666666667,4859.142857142857,858.5141094882924,304.42857142857144,139.22571428571428,2,0,11,12
2025-11-13,21.86,31.94,93.11,146.91,22.51,32.52,58.25,108.27,41.0,0.0,0.0,166.0,155.0,321.0,5.72,7.37,7.45,35.0,34.0,2383.0,2799.0,5182.0,4740.0,5197.0,5182.0,0,0,0,0,0,0,0,0,0,1,1,0,0,0,0,0,0,0,0,0,0,0,5182.0,4960.0,1,5182.0,4903.0,5670.0,5881.0,4567.0,321.0,149.89,119.24000000000002,43.0,7.38,35.0,5251.666666666667,4947.0,855.096095964268,312.7142857142857,142.8857142857143,3,0,11,13
2025-11-14,18.09,26.73,132.7,177.51999999999998,14.58,26.4,18.0,46.13999999999999,29.0,0.0,0.0,150.0,150.0,300.0,5.47,7.44,7.47,35.0,35.0,2502.0,2458.0,4960.0,3502.0,3821.0,4960.0,0,0,0,0,0,0,0,0,0,1,1,0,0,0,0,0,0,0,0,0,0,0,4960.0,4562.0,1,4960.0,5182.0,4903.0,5670.0,5300.0,321.0,146.91,108.27,41.0,7.37,35.0,5015.0,4898.428571428572,841.2472599544986,315.2857142857143,145.3957142857143,4,0,11,14
2025-11-15,40.27,20.52,101.41,162.2,29.58,19.06,22.5,76.62,57.0,0.0,0.0,160.0,156.0,316.0,5.47,7.44,7.47,35.0,34.0,2139.0,2423.0,4562.0,4180.0,4523.0,4562.0,0,0,0,0,0,0,0,0,0,1,1,0,0,0,1,1,1,0,0,0,0,0,4562.0,4518.0,1,4562.0,4960.0,5182.0,4903.0,3406.0,300.0,177.51999999999998,46.13999999999999,29.0,7.44,35.0,4901.333333333333,5063.571428571428,568.7878506505023,315.2857142857143,148.15285714285713,5,1,11,15
2025-11-16,18.54,37.6,110.75,166.89,32.69,39.39,55.25,116.17,61.0,0.0,0.0,145.0,143.0,288.0,5.47,7.44,7.47,34.0,34.0,2209.0,2309.0,4518.0,2017.0,3145.0,4518.0,0,0,0,0,0,0,0,0,0,1,1,0,0,0,1,1,1,0,0,0,0,0,4518.0,5262.0,1,4518.0,4562.0,4960.0,5182.0,4287.0,316.0,162.2,76.62,57.0,7.44,35.0,4680.0,5096.571428571428,520.9094153954389,310.0,152.79857142857142,6,1,11,16
2025-11-17,27.94,32.45,94.72,155.11,27.34,30.62,51.75,120.14,59.0,0.0,0.0,150.0,151.0,301.0,5.47,7.44,7.47,35.0,34.0,2571.0,2691.0,5262.0,3696.0,4827.0,5262.0,0,0,0,0,0,0,0,0,0,1,1,0,0,0,1,1,1,0,0,0,0,0,5262.0,5471.0,1,5262.0,4518.0,4562.0,4960.0,5881.0,288.0,166.89,116.17,61.0,7.44,34.0,4780.666666666667,5008.142857142857,405.25318364837295,310.2857142857143,157.0842857142857,0,0,11,17
2025-11-18,26.2,25.84,99.63,151.67,24.87,24.95,47.5,74.78,51.0,0.0,0.0,145.0,145.0,290.0,5.47,7.44,7.47,34.0,34.0,2832.0,2639.0,5471.0,4009.0,4541.0,5471.0,0,0,0,0,0,0,0,0,0,1,1,0,0,0,1,1,1,0,0,0,0,0,5471.0,4500.0,1,5471.0,5262.0,4518.0,4562.0,5670.0,301.0,155.11,120.14,59.0,7.44,35.0,5083.666666666667,4979.714285714285,354.9425842234729,305.2857142857143,158.59857142857143,1,0,11,18
2025-11-19,25.77,32.16,140.95,199.88,27.18,34.88,47.25,95.03,68.0,0.0,0.0,126.0,120.0,246.0,5.47,7.44,7.47,34.0,35.0,1960.0,2540.0,4500.0,3614.0,4198.0,4500.0,0,0,0,0,0,0,0,0,0,1,1,0,0,0,1,1,1,0,0,0,0,0,4500.0,4577.0,1,4500.0,5471.0,5262.0,4518.0,4903.0,290.0,151.67,74.78,51.0,7.44,34.0,5077.666666666667,4922.142857142857,399.3630047009972,294.57142857142856,165.74,2,0,11,19
2025-11-20,30.66,30.86,51.86,113.38,27.27,30.86,36.75,83.2,57.0,0.0,0.0,119.0,115.0,234.0,5.47,7.44,7.47,35.0,35.0,2152.0,2425.0,4577.0,3166.0,3513.0,4577.0,0,0,0,0,0,0,0,0,0,1,1,0,0,0,1,1,1,0,0,0,0,0,4577.0,4841.0,1,4577.0,4500.0,5471.0,5262.0,5182.0,246.0,199.88,95.03,68.0,7.44,34.0,4849.333333333333,4835.714285714285,399.2187012510445,282.1428571428572,160.95,3,0,11,20
2025-11-21,30.19,33.03,56.27,120.21,27.84,32.57,57.25,93.5,64.0,0.0,0.0,123.0,121.0,244.0,5.47,7.44,7.47,35.0,34.0,2409.0,2432.0,4841.0,4844.0,4870.0,4841.0,0,0,0,0,0,0,0,0,0,1,1,0,0,0,1,1,1,0,0,0,0,0,4841.0,4668.0,1,4841.0,4577.0,4500.0,5471.0,4960.0,234.0,113.38,83.2,57.0,7.44,35.0,4639.333333333333,4818.714285714285,395.5610843201979,274.1428571428572,152.76285714285714,4,0,11,21
2025-11-22,20.76,21.78,71.59,114.13,27.31,22.24,62.25,90.38,55.0,0.0,0.0,105.0,105.0,210.0,5.47,7.44,7.47,35.0,34.0,2032.0,2636.0,4668.0,4918.0,4308.0,4668.0,0,0,0,0,0,0,0,0,0,1,1,0,0,0,1,1,1,0,0,0,0,0,4668.0,4555.0,1,4668.0,4841.0,4577.0,4500.0,4562.0,244.0,120.21,93.5,64.0,7.44,35.0,4695.333333333333,4833.857142857143,386.0092522947373,259.0,145.8957142857143,5,1,11,22
2025-11-23,23.8,22.28,64.58,110.66,24.29,21.49,59.25,91.03,45.0,0.0,0.0,112.0,103.0,215.0,5.47,7.44,7.47,35.0,35.0,2297.0,2258.0,4555.0,3705.0,3820.0,4555.0,0,0,0,0,0,0,0,0,0,1,1,0,0,0,1,1,1,0,0,0,0,0,4555.0,5002.0,1,4555.0,4668.0,4841.0,4577.0,4518.0,210.0,114.13,90.38,55.0,7.44,35.0,4688.0,4839.142857142857,381.1864935397661,248.57142857142856,137.86285714285714,6,1,11,23
2025-11-24,24.13,31.29,54.41,109.83,25.76,32.08,54.5,97.79,62.0,0.0,0.0,105.0,99.0,204.0,5.47,7.44,7.47,35.0,35.0,2300.0,2702.0,5002.0,4900.0,3664.0,5002.0,0,0,0,0,0,0,0,0,0,1,1,0,0,0,1,1,1,0,0,0,0,0,5002.0,4719.0,1,5002.0,4555.0,4668.0,4841.0,5262.0,215.0,110.66,91.03,45.0,7.44,35.0,4741.666666666667,4802.0,343.966083599337,234.7142857142857,131.3942857142857,0,0,11,24
2025-11-25,25.04,27.74,62.66,115.44,22.68,11.32,11.75,34.19,35.0,0.0,0.0,80.0,77.0,157.0,6.1,7.5,7.4,35.0,35.0,2194.0,2525.0,4719.0,4284.0,4414.0,4719.0,0,0,0,0,0,0,0,0,0,1,1,0,0,0,0,0,0,0,0,0,0,0,4719.0,4285.0,1,4719.0,5002.0,4555.0,4668.0,5471.0,204.0,109.83,97.79,62.0,7.44,35.0,4758.666666666667,4694.571428571428,177.20878189568433,215.7142857142857,126.21857142857142,1,0,11,25
2025-11-26,26.22,34.47,88.91,149.6,24.35,48.83,36.75,115.93,67.0,0.0,0.0,121.0,117.0,238.0,6.15,7.5,7.4,35.0,33.0,2312.0,1973.0,4285.0,2964.0,3277.0,4285.0,0,0,0,0,0,0,0,0,0,1,1,0,0,0,0,0,0,0,0,0,0,0,4285.0,5003.0,1,4285.0,4719.0,5002.0,4555.0,4500.0,157.0,115.44,34.19,35.0,7.5,35.0,4668.666666666667,4663.857142857143,227.92720224626424,214.57142857142856,119.03571428571428,2,0,11,26
2025-11-27,24.46,27.52,115.8,167.78,27.9,28.44,13.0,88.29,62.0,0.0,0.0,99.0,94.0,193.0,6.4,7.5,7.3,34.0,35.0,2401.0,2602.0,5003.0,5756.0,5390.0,5003.0,0,0,0,0,0,0,0,0,0,1,1,0,0,0,0,0,0,0,0,0,0,0,5003.0,4746.0,1,5003.0,4285.0,4719.0,5002.0,4577.0,238.0,149.6,115.93,67.0,7.5,35.0,4669.0,4724.714285714285,256.0121834898445,208.7142857142857,126.80714285714284,3,0,11,27
2025-11-28,15.71,30.51,99.74,145.96,13.75,24.57,58.0,92.85,45.0,0.0,0.0,95.0,95.0,190.0,6.43,7.5,7.6,35.0,33.0,2029.0,2717.0,4746.0,4745.0,5293.0,4746.0,0,0,0,0,0,0,0,0,0,1,1,0,0,0,0,1,0,0,0,0,0,0,4746.0,4933.0,1,4746.0,5003.0,4285.0,4719.0,4841.0,193.0,167.78,88.29,62.0,7.5,34.0,4678.0,4711.142857142857,251.2949320164309,201.0,130.4857142857143,4,0,11,28
2025-11-29,29.52,28.91,108.22,166.65,30.7,35.02,59.25,133.47,77.0,0.0,0.0,91.0,85.0,176.0,6.47,7.2,7.3,35.0,33.0,2081.0,2852.0,4933.0,4799.0,5350.0,4933.0,0,0,0,0,0,0,0,0,0,1,1,0,0,0,0,0,0,0,0,0,0,0,4933.0,4760.0,1,4933.0,4746.0,5003.0,4285.0,4668.0,190.0,145.96,92.85,45.0,7.5,35.0,4894.0,4749.0,263.3824848643756,196.14285714285717,137.98857142857142,5,1,11,29
2025-11-30,33.37,30.9,88.05,152.32,32.62,27.37,44.75,97.91,64.0,0.0,0.0,91.0,87.0,178.0,6.24,7.3,7.2,34.0,34.0,2278.0,2482.0,4760.0,3517.0,3808.0,4760.0,0,0,0,0,0,0,0,0,0,1,1,0,0,0,0,0,0,0,0,0,0,0,4760.0,4853.0,1,4760.0,4933.0,4746.0,5003.0,4555.0,176.0,166.65,133.47,77.0,7.2,35.0,4813.0,4778.285714285715,249.23330053433412,190.8571428571429,143.94,6,1,11,30
2025-12-01,29.32,23.21,69.74,122.27,31.82,26.72,19.75,90.98,62.0,0.0,0.0,75.0,58.0,133.0,6.1,7.3,7.2,34.0,34.0,2289.0,2564.0,4853.0,4489.0,5084.0,4853.0,0,0,0,0,0,0,0,0,0,1,1,0,0,0,0,0,0,0,0,0,0,0,4853.0,3657.0,1,4853.0,4760.0,4933.0,4746.0,5002.0,178.0,152.32,97.91,64.0,7.3,34.0,4848.666666666667,4757.0,232.76096465401216,180.7142857142857,145.71714285714285,0,0,12,1
2025-12-02,24.67,26.27,60.99,111.93,23.25,24.35,26.75,59.13999999999999,58.0,0.0,0.0,68.0,59.0,127.0,6.2,7.6,7.4,34.0,34.0,1389.0,2268.0,3657.0,3271.0,4024.0,3657.0,0,0,0,0,0,0,0,0,0,1,1,0,0,0,0,0,0,0,0,0,0,0,3657.0,3960.0,1,3657.0,4853.0,4760.0,4933.0,4719.0,133.0,122.27,90.98,62.0,7.3,34.0,4423.333333333333,4605.285714285715,478.2784106514088,176.42857142857142,145.21571428571428,1,0,12,2
2025-12-03,24.67,25.66,75.34,125.67,33.5,24.57,31.0,80.64999999999999,63.0,0.0,0.0,75.0,58.0,133.0,6.2,7.6,7.5,34.0,34.0,1882.0,2078.0,3960.0,4346.0,5247.0,3960.0,0,0,0,0,0,0,0,0,0,1,1,0,0,0,0,0,0,0,0,0,0,0,3960.0,4863.0,1,3960.0,3657.0,4853.0,4760.0,4285.0,127.0,111.93,59.13999999999999,58.0,7.6,34.0,4156.666666666667,4558.857142857143,527.7661819945858,161.42857142857142,141.79714285714286,2,0,12,3
2025-12-04,24.67,27.87,62.74,115.28,29.66,29.87,81.75,132.95,65.0,0.0,0.0,94.0,62.0,156.0,6.5,7.3,7.2,34.0,34.0,1906.0,2957.0,4863.0,4636.0,4876.0,4863.0,0,0,0,0,0,0,0,0,0,1,1,0,0,0,0,0,0,0,0,0,0,0,4863.0,6100.0,1,4863.0,3960.0,3657.0,4853.0,5003.0,133.0,125.67,80.64999999999999,63.0,7.6,34.0,4160.0,4538.857142857143,510.5002215381258,156.14285714285714,134.29714285714286,3,0,12,4
2025-12-05,26.75,34.47,86.52,148.01,23.88,28.74,59.25,124.96,71.0,0.0,0.0,83.0,60.0,143.0,6.1,7.3,7.6,34.0,34.0,2935.0,3165.0,6100.0,6327.0,6920.0,6100.0,0,0,0,0,0,0,0,0,0,1,1,0,0,0,0,0,0,0,0,0,0,0,6100.0,4936.0,1,6100.0,4863.0,3960.0,3657.0,4746.0,156.0,115.28,132.95,65.0,7.3,34.0,4974.333333333333,4732.285714285715,784.858737668912,149.42857142857142,134.59,4,0,12,5
2025-12-06,32.21,25.68,101.18,159.07,33.71,33.68,39.25,115.15,70.0,0.0,0.0,73.0,53.0,126.0,6.2,7.2,7.3,33.0,34.0,1788.0,3148.0,4936.0,4522.0,5016.0,4936.0,0,0,0,0,0,0,0,0,0,1,1,0,0,0,0,0,0,0,0,0,0,0,4936.0,4512.0,1,4936.0,6100.0,4863.0,3960.0,4933.0,143.0,148.01,124.96,71.0,7.3,34.0,5299.666666666667,4732.714285714285,784.9874126985974,142.28571428571428,133.50714285714284,5,1,12,6
2025-12-07,17.98,27.9,80.27,126.15,19.92,27.9,32.0,73.84,56.0,0.0,0.0,46.0,18.0,64.0,6.2,7.2,7.3,34.0,34.0,2067.0,2445.0,4512.0,4926.0,5918.0,4512.0,0,0,0,0,0,0,0,0,0,1,1,0,0,0,0,0,0,0,0,0,0,0,4512.0,2970.0,1,4512.0,4936.0,6100.0,4863.0,4760.0,126.0,159.07,115.15,70.0,7.2,33.0,5182.666666666667,4697.285714285715,789.1361763104671,126.0,129.76857142857142,6,1,12,7
2025-12-08,22.47,25.2,83.53,131.2,22.47,25.2,67.0,107.73,54.0,0.0,0.0,54.0,10.0,64.0,6.2,7.3,7.4,33.0,34.0,1807.0,1163.0,2970.0,2511.0,2962.0,2970.0,0,0,0,0,0,0,0,0,0,1,1,0,0,0,0,0,0,0,0,0,0,0,2970.0,4130.0,1,2970.0,4512.0,4936.0,6100.0,4853.0,64.0,126.15,73.84,56.0,7.2,34.0,4139.333333333333,4428.285714285715,1015.6408017085752,116.14285714285714,131.0442857142857,0,0,12,8
2025-12-09,24.78,28.59,84.4,137.77,24.78,22.02,51.75,115.09,54.0,0.0,0.0,90.0,66.0,156.0,6.2,7.3,7.5,35.0,34.0,1977.0,2153.0,4130.0,4588.0,5183.0,4130.0,0,0,0,0,0,0,0,0,0,1,1,0,0,0,0,0,0,0,0,0,0,0,4130.0,5181.0,1,4130.0,2970.0,4512.0,4936.0,3657.0,64.0,131.2,107.73,54.0,7.3,33.0,3870.6666666666665,4495.857142857143,970.5057836975913,120.28571428571428,134.7357142857143,1,0,12,9
2025-12-10,20.58,34.44,83.63,138.65,20.58,35.03,71.75,136.14,60.0,0.0,0.0,85.0,40.0,125.0,6.2,7.4,7.6,35.0,35.0,2493.0,2688.0,5181.0,5181.0,5351.0,5181.0,0,0,0,0,0,0,0,0,0,1,1,0,0,0,0,0,0,0,0,0,0,0,5181.0,5834.0,1,5181.0,4130.0,2970.0,4512.0,3960.0,156.0,137.77,115.09,54.0,7.3,35.0,4093.6666666666665,4670.285714285715,967.8661605624532,119.14285714285714,136.59,2,0,12,10
2025-12-11,22.28,27.47,108.62,158.37,22.28,33.45,67.5,146.82,62.0,0.0,0.0,97.0,77.0,174.0,6.2,7.2,7.3,34.0,33.0,2989.0,2845.0,5834.0,6169.0,7002.0,5834.0,0,0,0,0,0,0,0,0,0,1,1,0,0,0,0,0,0,0,0,0,0,0,5834.0,5954.0,1,5834.0,5181.0,4130.0,2970.0,4863.0,125.0,138.65,136.14,60.0,7.4,35.0,5048.333333333333,4809.0,1064.8153204507655,121.71428571428572,142.74571428571429,3,0,12,11
2025-12-12,23.01,28.36,97.35,148.72,20.97,28.36,62.25,132.9,59.0,0.0,0.0,80.0,59.0,139.0,6.2,7.3,7.4,34.0,35.0,2769.0,3185.0,5954.0,5829.0,6770.0,5954.0,0,0,0,0,0,0,0,0,0,1,1,0,0,0,0,0,0,0,0,0,0,0,5954.0,5034.0,1,5954.0,5834.0,5181.0,4130.0,6100.0,174.0,158.37,146.82,62.0,7.2,34.0,5656.333333333333,4788.142857142857,1036.362939735469,121.14285714285714,142.84714285714287,4,0,12,12
2025-12-13,17.28,11.11,125.38,153.77,16.88,11.11,37.25,82.37,35.0,0.0,0.0,70.0,51.0,121.0,6.2,7.3,7.2,33.0,33.0,2439.0,2595.0,5034.0,5024.0,5861.0,5034.0,0,0,0,0,0,0,0,0,0,1,1,0,0,0,0,0,0,0,0,0,0,0,5034.0,4179.0,1,5034.0,5954.0,5834.0,5181.0,4936.0,139.0,148.72,132.9,59.0,7.3,34.0,5607.333333333333,4802.142857142857,1039.3508276117084,120.42857142857144,142.09,5,1,12,13
2025-12-14,27.7,27.93,95.35,150.98,29.0,27.93,61.75,135.97,62.0,0.0,0.0,108.0,83.0,191.0,6.2,7.3,7.3,33.0,34.0,1939.0,2240.0,4179.0,4179.0,5340.0,4179.0,0,0,0,0,0,0,0,0,0,1,1,0,0,0,0,0,0,0,0,0,0,0,4179.0,5610.0,1,4179.0,5034.0,5954.0,5834.0,4512.0,121.0,153.77,82.37,35.0,7.3,33.0,5055.666666666667,4754.571428571428,1062.2133899147975,138.57142857142858,145.63714285714286,6,1,12,14
2025-12-15,23.23,26.1,92.72,142.05,23.16,26.1,72.25,126.24,51.0,0.0,0.0,77.0,62.0,139.0,6.1,7.2,7.3,34.0,34.0,2481.0,3129.0,5610.0,5609.0,7738.0,5610.0,0,0,0,0,0,0,0,0,0,1,1,0,0,0,0,0,0,0,0,0,0,0,5610.0,5824.0,1,5610.0,4179.0,5034.0,5954.0,2970.0,191.0,150.98,135.97,62.0,7.3,33.0,4941.0,5131.714285714285,743.9970238035719,149.28571428571428,147.18714285714285,0,0,12,15
2025-12-16,17.93,24.37,112.77,155.07,16.89,23.91,56.75,107.34,44.0,0.0,0.0,78.0,56.0,134.0,6.1,7.2,7.1,34.0,34.0,3251.0,2573.0,5824.0,5824.0,7585.0,5824.0,0,0,0,0,0,0,0,0,0,1,1,0,0,0,0,0,0,0,0,0,0,0,5824.0,5508.0,1,5824.0,5610.0,4179.0,5034.0,4130.0,139.0,142.05,126.24,51.0,7.2,34.0,5204.333333333333,5373.714285714285,630.7494786061316,146.14285714285714,149.65857142857143,1,0,12,16
2025-12-17,22.41,32.56,103.79,158.76,23.51,32.0,73.75,154.85,49.0,0.0,0.0,80.0,59.0,139.0,6.2,7.2,7.3,34.0,34.0,2238.0,3270.0,5508.0,5404.0,6394.0,5508.0,0,0,0,0,0,0,0,0,0,1,1,0,0,0,0,0,0,0,0,0,0,0,5508.0,6047.0,1,5508.0,5824.0,5610.0,4179.0,5181.0,134.0,155.07,107.34,44.0,7.2,34.0,5647.333333333333,5420.428571428572,626.1905612891504,148.14285714285714,152.53142857142856,2,0,12,17
2025-12-18,21.01,29.57,114.79,165.37,19.45,30.59,62.25,128.62,56.0,0.0,0.0,73.0,56.0,129.0,6.1,7.1,7.3,34.0,34.0,2894.0,3153.0,6047.0,5958.0,7488.0,6047.0,0,0,0,0,0,0,0,0,0,1,1,0,0,0,0,0,0,0,0,0,0,0,6047.0,5151.0,1,6047.0,5508.0,5824.0,5610.0,5834.0,139.0,158.76,154.85,49.0,7.2,34.0,5793.0,5450.857142857143,654.1861173935736,141.71428571428572,153.53142857142856,3,0,12,18
2025-12-19,22.31,19.85,108.89,152.05,25.4,19.85,65.75,126.8,53.0,0.0,0.0,74.0,41.0,115.0,6.1,7.2,7.2,34.0,34.0,2829.0,2322.0,5151.0,2943.0,4007.0,5151.0,0,0,0,0,0,0,0,0,0,1,1,0,0,0,0,0,0,0,0,0,0,0,5151.0,5401.0,1,5151.0,6047.0,5508.0,5824.0,5954.0,129.0,165.37,128.62,56.0,7.1,34.0,5568.666666666667,5336.142857142857,620.8063113326717,138.28571428571428,154.00714285714284,4,0,12,19
2025-12-20,20.72,24.7,119.19,164.61,19.98,16.1,42.0,90.22,35.0,0.0,0.0,72.0,28.0,100.0,6.1,7.2,7.2,34.0,34.0,2844.0,2557.0,5401.0,5189.0,6128.0,5401.0,0,0,0,0,0,0,0,0,0,1,1,0,0,0,0,0,0,0,0,0,0,0,5401.0,4741.0,1,5401.0,5151.0,6047.0,5508.0,5034.0,115.0,152.05,126.8,53.0,7.2,34.0,5533.0,5388.571428571428,606.3659118450024,135.28571428571428,155.55571428571426,5,1,12,20
2025-12-21,24.39,27.92,113.56,165.87,24.72,33.52,10.75,58.78,44.0,0.0,0.0,86.0,27.0,113.0,6.2,7.2,7.1,34.0,34.0,2113.0,2628.0,4741.0,4741.0,5969.0,4741.0,0,0,0,0,0,0,0,0,0,1,1,0,0,0,0,0,0,0,0,0,0,0,4741.0,4656.0,1,4741.0,5401.0,5151.0,6047.0,4179.0,100.0,164.61,90.22,35.0,7.2,34.0,5097.666666666667,5468.857142857143,431.5172567315765,124.14285714285714,157.68285714285713,6,1,12,21
2025-12-22,18.58,31.65,106.86,157.09,19.61,32.65,20.0,71.74,60.0,0.0,0.0,84.0,81.0,165.0,6.2,7.2,7.3,34.0,34.0,2217.0,2439.0,4656.0,4657.0,5744.0,4656.0,0,0,0,0,0,0,0,0,0,1,1,0,0,0,0,0,0,0,0,0,0,0,4656.0,5218.0,1,4656.0,4741.0,5401.0,5151.0,5610.0,113.0,165.87,58.78,44.0,7.2,34.0,4932.666666666667,5332.571428571428,520.9033362479906,127.85714285714286,159.83142857142855,0,0,12,22
2025-12-23,19.17,22.11,112.63,153.91,18.61,14.22,12.5,54.46,37.0,0.0,0.0,80.0,75.0,155.0,6.2,7.2,7.3,35.0,34.0,2045.0,3173.0,5218.0,5218.0,6214.0,5218.0,0,0,0,0,0,0,0,0,0,1,1,0,0,0,0,0,0,0,0,0,0,0,5218.0,5094.0,1,5218.0,4656.0,4741.0,5401.0,5824.0,165.0,157.09,71.74,60.0,7.2,34.0,4871.666666666667,5246.0,473.8501872955217,130.85714285714286,159.6657142857143,1,0,12,23
2025-12-24,24.79,20.12,15.68,60.59,24.16,30.01,51.5,127.7,62.0,0.0,0.0,105.0,94.0,199.0,6.2,7.2,7.3,35.0,34.0,1791.0,3303.0,5094.0,5094.0,6321.0,5094.0,0,0,0,0,0,0,0,0,0,1,1,0,0,0,0,0,0,0,0,0,0,0,5094.0,5434.0,1,5094.0,5218.0,4656.0,4741.0,5508.0,155.0,153.91,54.46,37.0,7.2,35.0,4989.333333333333,5186.857142857143,461.3709384618232,139.42857142857142,145.64142857142858,2,0,12,24
2025-12-25,26.26,22.01,0.0,48.27,26.27,20.75,42.5,101.34,41.0,0.0,0.0,91.0,75.0,166.0,6.1,7.2,7.3,35.0,34.0,2510.0,2924.0,5434.0,5434.0,6346.0,5434.0,0,0,0,0,0,0,0,0,0,1,1,0,0,0,0,0,0,0,0,0,0,0,5434.0,7352.0,1,5434.0,5094.0,5218.0,4656.0,6047.0,199.0,60.59,127.7,62.0,7.2,35.0,5248.666666666667,5099.285714285715,301.3114193464489,144.71428571428572,128.91285714285715,3,0,12,25
2025-12-26,24.88,20.41,13.41,58.7,25.11,21.67,35.5,96.03,52.0,0.0,0.0,65.0,42.0,107.0,6.1,7.2,7.1,35.0,34.0,3807.0,3545.0,7352.0,6469.0,8285.0,7352.0,0,0,0,0,0,0,0,0,0,1,1,0,0,0,0,0,0,0,0,0,0,0,7352.0,3460.0,1,7352.0,5434.0,5094.0,5218.0,5151.0,166.0,48.27,101.34,41.0,7.2,35.0,5960.0,5413.714285714285,905.9729050925896,143.57142857142858,115.57714285714287,4,0,12,26
2025-12-27,0.84,2.2,122.95,125.99,0.95,2.2,35.75,51.65,5.0,0.0,0.0,63.0,20.0,83.0,6.1,7.3,7.1,35.0,34.0,1764.0,1696.0,3460.0,3437.0,4411.0,3460.0,0,0,0,0,0,0,0,0,0,1,1,0,0,0,0,0,0,0,0,0,0,0,3460.0,4631.0,1,3460.0,7352.0,5434.0,5094.0,5401.0,107.0,58.7,96.03,52.0,7.2,35.0,5415.333333333333,5136.428571428572,1169.2838060315464,141.14285714285714,110.06000000000002,5,1,12,27
2025-12-28,34.23,22.68,124.99,181.9,30.56,22.68,16.75,98.22,63.0,0.0,0.0,77.0,43.0,120.0,6.1,7.2,7.1,35.0,33.0,2768.0,1863.0,4631.0,4632.0,5738.0,4631.0,0,0,0,0,0,0,0,0,0,1,1,0,0,0,0,0,0,0,0,0,0,0,4631.0,5617.0,1,4631.0,3460.0,7352.0,5434.0,4741.0,83.0,125.99,51.65,5.0,7.3,35.0,5147.666666666667,5120.714285714285,1176.202464754788,142.14285714285714,112.35,6,1,12,28
2025-12-29,27.46,25.13,101.75,154.34,26.14,23.65,43.0,106.56,55.0,0.0,0.0,84.0,50.0,134.0,6.2,7.4,7.3,35.0,34.0,2748.0,2869.0,5617.0,5165.0,7805.0,5617.0,0,0,0,0,0,0,0,0,0,1,1,0,0,0,0,0,0,0,0,0,0,0,5617.0,5019.0,1,5617.0,4631.0,3460.0,7352.0,4656.0,120.0,181.9,98.22,63.0,7.2,35.0,4569.333333333333,5258.0,1168.982606086735,137.71428571428572,111.95714285714288,0,0,12,29
2025-12-30,23.28,33.48,121.88,178.64,28.76,26.77,16.75,73.53,63.0,0.0,0.0,75.0,45.0,120.0,6.1,7.8,7.7,34.0,34.0,2532.0,2487.0,5019.0,5097.0,5779.0,5019.0,0,0,0,0,0,0,0,0,0,1,1,0,0,0,0,0,0,0,0,0,0,0,5019.0,4439.0,1,5019.0,5617.0,4631.0,3460.0,5218.0,134.0,154.34,106.56,55.0,7.4,35.0,5089.0,5229.571428571428,1172.531855593251,132.71428571428572,115.49,1,0,12,30
2025-12-31,24.21,27.67,122.58,174.46,23.93,25.67,26.75,100.35,57.0,0.0,0.0,56.0,53.0,109.0,6.2,7.8,7.6,35.0,34.0,2262.0,2177.0,4439.0,4525.0,5641.0,4439.0,0,0,0,0,0,0,0,0,0,1,1,0,0,0,0,0,0,0,0,0,0,0,4439.0,5433.0,1,4439.0,5019.0,5617.0,4631.0,5094.0,120.0,178.64,73.53,63.0,7.8,34.0,5025.0,5136.0,1210.6692364143066,119.85714285714286,131.75714285714284,2,0,12,31
2026-01-01,19.07,25.35,100.87,145.29,19.7,28.35,52.25,103.98,54.0,0.0,0.0,68.0,37.0,105.0,6.1,7.8,7.6,35.0,34.0,2972.0,2461.0,5433.0,5906.0,6352.0,5433.0,0,0,0,0,0,0,0,0,0,1,1,0,0,0,0,0,0,0,0,0,0,0,5433.0,5903.0,1,5433.0,4439.0,5019.0,5617.0,5434.0,109.0,174.46,100.35,57.0,7.8,35.0,4963.666666666667,5135.857142857143,1210.6282705784668,111.14285714285714,145.61714285714285,3,0,1,1
2026-01-02,24.1,24.54,135.0,183.64,20.7,20.73,50.5,95.69,47.0,0.0,0.0,49.0,25.0,74.0,6.2,7.6,7.5,34.0,34.0,2884.0,3019.0,5903.0,6650.0,8733.0,5903.0,0,0,0,0,0,0,0,0,0,1,1,0,0,0,0,0,0,0,0,0,0,0,5903.0,5927.0,1,5903.0,5433.0,4439.0,5019.0,7352.0,105.0,145.29,103.98,54.0,7.8,35.0,5258.333333333333,4928.857142857143,833.7666397282927,106.42857142857144,163.46571428571428,4,0,1,2
2026-01-03,21.11,21.73,44.5,87.34,21.11,21.73,35.0,74.25,50.0,0.0,0.0,61.0,11.0,72.0,6.2,7.7,7.5,35.0,35.0,2861.0,3066.0,5927.0,4590.0,5761.0,5927.0,0,0,0,0,0,0,0,0,0,1,1,0,0,0,0,0,0,0,0,0,0,0,5927.0,5326.0,1,5927.0,5903.0,5433.0,4439.0,3460.0,74.0,183.64,95.69,47.0,7.6,34.0,5754.333333333333,5281.285714285715,597.2586581724078,104.85714285714286,157.9442857142857,5,1,1,3
2026-01-04,16.27,27.01,72.25,115.53,16.27,27.01,43.75,108.71,51.0,0.0,0.0,100.0,100.0,200.0,6.1,7.5,7.4,35.0,35.0,2619.0,2707.0,5326.0,6097.0,8188.0,5326.0,0,0,0,0,0,0,0,0,0,1,1,0,0,0,0,0,0,0,0,0,0,0,5326.0,5927.0,1,5326.0,5927.0,5903.0,5433.0,4631.0,72.0,87.34,74.25,50.0,7.7,35.0,5718.666666666667,5380.571428571428,524.473023501641,116.28571428571428,148.46285714285713,6,1,1,4
2026-01-05,22.58,20.2,110.63,153.41,27.21,21.86,61.75,117.15,56.0,0.0,0.0,113.0,111.0,224.0,6.1,7.8,7.7,35.0,34.0,2861.0,3066.0,5927.0,5927.0,6838.0,5927.0,0,0,0,0,0,0,0,0,0,1,1,0,0,0,0,0,0,0,0,0,0,0,5927.0,6188.0,1,5927.0,5326.0,5927.0,5903.0,5617.0,200.0,115.53,108.71,51.0,7.5,35.0,5726.666666666667,5424.857142857143,559.6708641607823,129.14285714285714,148.32999999999998,0,0,1,5
2026-01-06,15.05,13.84,8.3,37.19,16.13,15.84,64.5,93.97,40.0,0.0,0.0,120.0,105.0,225.0,6.1,7.8,7.7,35.0,34.0,3003.0,3185.0,6188.0,5632.0,6919.0,6188.0,0,0,0,0,0,0,0,0,0,1,1,0,0,0,0,0,0,0,0,0,0,0,6188.0,7654.0,1,6188.0,5927.0,5326.0,5927.0,5019.0,224.0,153.41,117.15,56.0,7.8,35.0,5813.666666666667,5591.857142857143,591.8660965036581,144.14285714285714,128.12285714285713,1,0,1,6
2026-01-07,20.64,12.17,0.0,32.81,19.76,11.17,63.5,108.27,40.0,0.0,0.0,128.0,130.0,258.0,6.2,7.7,7.4,35.0,34.0,3655.0,3999.0,7654.0,7809.0,11094.0,7654.0,0,0,0,0,0,0,0,0,0,1,1,0,0,0,0,0,0,0,0,0,0,0,7654.0,5266.0,1,7654.0,6188.0,5927.0,5326.0,4439.0,225.0,37.19,93.97,40.0,7.8,35.0,6589.666666666667,6051.142857142857,769.0451717490197,165.42857142857142,107.88714285714286,2,0,1,7
2026-01-08,25.4,9.28,0.0,34.68,26.28,13.28,40.0,85.66,47.0,0.0,0.0,124.0,126.0,250.0,6.2,7.7,7.5,35.0,34.0,2630.0,2636.0,5266.0,5667.0,7558.0,5266.0,0,0,0,0,0,0,0,0,0,1,1,0,0,0,0,0,0,0,0,0,0,0,5266.0,6109.0,1,5266.0,7654.0,6188.0,5927.0,5433.0,258.0,32.81,108.27,40.0,7.7,35.0,6369.333333333333,6027.285714285715,793.6148760126503,186.14285714285717,92.08571428571427,3,0,1,8
2026-01-09,6.38,9.6,0.0,15.98,6.38,9.08,23.75,46.81,40.0,0.0,0.0,94.0,95.0,189.0,6.2,7.6,7.5,34.0,35.0,2844.0,3265.0,6109.0,5656.0,7612.0,6109.0,0,0,0,0,0,0,0,0,0,1,1,0,0,0,0,0,0,0,0,0,0,0,6109.0,4088.0,1,6109.0,5266.0,7654.0,6188.0,5903.0,250.0,34.68,85.66,47.0,7.7,35.0,6343.0,6056.714285714285,792.0559143321728,202.57142857142856,68.13428571428571,4,0,1,9
2026-01-10,0.0,10.83,0.0,10.83,0.0,9.5,23.75,25.6,48.0,0.0,0.0,65.0,65.0,130.0,6.2,7.7,7.4,35.0,34.0,2109.0,1979.0,4088.0,3083.0,5001.0,4088.0,0,0,0,0,0,0,0,0,0,1,1,0,0,0,0,0,0,0,0,0,0,0,4088.0,4863.0,1,4088.0,6109.0,5266.0,7654.0,5927.0,189.0,15.98,46.81,40.0,7.6,34.0,5154.333333333333,5794.0,1090.870753114228,210.8571428571429,57.20428571428572,5,1,1,10
2026-01-11,14.56,10.38,0.0,24.94,13.85,12.38,52.25,98.38,32.0,0.0,0.0,145.0,145.0,290.0,6.1,7.7,7.5,35.0,35.0,2313.0,2550.0,4863.0,5639.0,7949.0,4863.0,0,0,0,0,0,0,0,0,0,1,1,0,0,0,0,0,0,0,0,0,0,0,4863.0,4410.0,1,4863.0,4088.0,6109.0,5266.0,5326.0,130.0,10.83,25.6,48.0,7.7,35.0,5020.0,5727.857142857143,1137.0361220546802,223.7142857142857,44.262857142857136,6,1,1,11
2026-01-12,17.1,12.04,30.15,59.29,16.85,14.34,34.25,63.59,42.0,0.0,0.0,88.0,85.0,173.0,6.2,7.1,7.2,35.0,34.0,2236.0,2174.0,4410.0,3390.0,4791.0,4410.0,0,0,0,0,0,0,0,0,0,1,1,0,0,0,0,0,0,0,0,0,0,0,4410.0,3925.0,1,4410.0,4863.0,4088.0,6109.0,5927.0,290.0,24.94,98.38,32.0,7.7,35.0,4453.666666666667,5511.142857142857,1233.2505055842514,216.42857142857144,30.81714285714286,0,0,1,12
2026-01-13,17.48,21.08,82.91,121.47,17.55,17.63,53.0,104.83,53.0,0.0,0.0,100.0,99.0,199.0,6.2,7.3,7.2,35.0,34.0,1655.0,2270.0,3925.0,4942.0,5699.0,3925.0,0,0,0,0,0,0,0,0,0,1,1,0,0,0,0,0,0,0,0,0,0,0,3925.0,5341.0,1,3925.0,4410.0,4863.0,4088.0,6188.0,173.0,59.29,63.59,42.0,7.1,35.0,4399.333333333333,5187.857142857143,1319.8206227326796,212.7142857142857,42.85714285714285,1,0,1,13
2026-01-14,19.64,10.68,85.63,115.95,19.68,12.68,46.5,91.1,39.0,0.0,0.0,95.0,95.0,190.0,6.2,7.5,7.6,35.0,34.0,2773.0,2568.0,5341.0,5341.0,6490.0,5341.0,0,0,0,0,0,0,0,0,0,1,1,0,0,0,0,0,0,0,0,0,0,0,5341.0,5493.0,1,5341.0,3925.0,4410.0,4863.0,7654.0,199.0,121.47,104.83,53.0,7.3,35.0,4558.666666666667,4857.428571428572,777.6963540146116,203.0,54.73428571428571,2,0,1,14
2026-01-15,20.66,8.64,76.16,105.46,20.26,10.86,49.0,104.39,54.0,0.0,0.0,100.0,103.0,203.0,6.2,7.2,7.4,35.0,34.0,2617.0,2876.0,5493.0,5493.0,6930.0,5493.0,0,0,0,0,0,0,0,0,0,1,1,0,0,0,0,0,0,0,0,0,0,0,5493.0,5098.0,1,5493.0,5341.0,3925.0,4410.0,5266.0,190.0,115.95,91.1,39.0,7.5,35.0,4919.666666666667,4889.857142857143,801.9277666081553,196.28571428571428,64.84571428571428,3,0,1,15
2026-01-16,15.03,12.5,82.46,109.99,15.03,12.5,59.25,104.66,63.0,0.0,0.0,121.0,121.0,242.0,6.2,7.5,7.3,35.0,35.0,2294.0,2804.0,5098.0,5087.0,5753.0,5098.0,0,0,0,0,0,0,0,0,0,1,1,0,0,0,0,0,0,0,0,0,0,0,5098.0,5603.0,1,5098.0,5493.0,5341.0,3925.0,6109.0,203.0,105.46,104.39,54.0,7.2,35.0,5310.666666666667,4745.428571428572,615.0238090629392,203.8571428571429,78.27571428571427,4,0,1,16
2026-01-17,19.78,10.41,82.1,112.29,19.05,9.97,60.5,112.73,38.0,0.0,0.0,96.0,96.0,192.0,6.2,7.7,7.5,35.0,34.0,2707.0,2896.0,5603.0,5271.0,6579.0,5603.0,0,0,0,0,0,0,0,0,0,1,1,0,0,0,0,0,0,0,0,0,0,0,5603.0,5677.0,1,5603.0,5098.0,5493.0,5341.0,4088.0,242.0,109.99,104.66,63.0,7.5,35.0,5398.0,4961.857142857143,611.6715972293827,212.7142857142857,92.77,5,1,1,17
2026-01-18,10.14,7.57,77.56,95.27,10.14,7.57,58.0,93.46,19.0,0.0,0.0,108.0,109.0,217.0,6.1,7.6,7.5,35.0,34.0,2717.0,2960.0,5677.0,3877.0,4385.0,5677.0,0,0,0,0,0,0,0,0,0,1,1,0,0,0,0,0,0,0,0,0,0,0,5677.0,7230.0,1,5677.0,5603.0,5098.0,5493.0,4863.0,192.0,112.29,112.73,38.0,7.7,35.0,5459.333333333333,5078.142857142857,664.8123616408451,202.28571428571428,102.81714285714284,6,1,1,18
2026-01-19,25.33,14.01,96.24,135.58,27.31,11.23,61.75,107.53,44.0,0.0,0.0,117.0,116.0,233.0,6.1,7.5,7.4,35.0,35.0,3686.0,3544.0,7230.0,6682.0,7927.0,7230.0,0,0,0,0,0,0,0,0,0,1,1,0,0,0,0,0,0,0,0,0,0,0,7230.0,7067.0,1,7230.0,5677.0,5603.0,5098.0,4410.0,217.0,95.27,93.46,19.0,7.6,35.0,6170.0,5481.0,974.6683196520428,210.8571428571429,113.71571428571428,0,0,1,19
2026-01-20,26.83,14.94,109.5,151.27,23.81,14.94,61.0,125.93,46.0,0.0,0.0,120.0,120.0,240.0,6.1,7.6,7.5,35.0,35.0,3598.0,3469.0,7067.0,7067.0,8837.0,7067.0,0,0,0,0,0,0,0,0,0,1,1,0,0,0,0,0,0,0,0,0,0,0,7067.0,7109.0,1,7067.0,7230.0,5677.0,5603.0,3925.0,233.0,135.58,107.53,44.0,7.5,35.0,6658.0,5929.857142857143,854.7729578805207,216.7142857142857,117.97285714285717,1,0,1,20
2026-01-21,22.39,18.39,108.53,149.31,23.18,19.39,58.25,114.76,55.0,0.0,0.0,120.0,120.0,240.0,6.1,7.7,7.4,35.0,34.0,3066.0,4043.0,7109.0,7109.0,7822.0,7109.0,0,0,0,0,0,0,0,0,0,1,1,0,0,0,0,0,0,0,0,0,0,0,7109.0,6431.0,1,7109.0,7067.0,7230.0,5677.0,5341.0,240.0,151.27,125.93,46.0,7.6,35.0,7135.333333333333,6182.428571428572,911.1256512583532,223.8571428571429,122.73857142857142,2,0,1,21
2026-01-22,26.01,22.07,105.68,153.76,28.24,15.07,60.75,128.13,55.0,0.0,0.0,111.0,110.0,221.0,6.2,7.6,7.4,35.0,34.0,3099.0,3332.0,6431.0,6431.0,7253.0,6431.0,0,0,0,0,0,0,0,0,0,1,1,0,0,0,0,0,0,0,0,0,0,0,6431.0,6344.0,1,6431.0,7109.0,7067.0,7230.0,5493.0,240.0,149.31,114.76,55.0,7.7,35.0,6869.0,6316.428571428572,860.3956177524532,226.42857142857144,129.63857142857142,3,0,1,22
2026-01-23,21.66,14.64,103.1,139.4,20.08,16.64,56.75,111.95,40.0,0.0,0.0,106.0,109.0,215.0,6.2,7.6,7.5,35.0,34.0,3306.0,3038.0,6344.0,6289.0,8087.0,6344.0,0,0,0,0,0,0,0,0,0,1,1,0,0,0,0,0,0,0,0,0,0,0,6344.0,6967.0,1,6344.0,6431.0,7109.0,7067.0,5098.0,221.0,153.76,128.13,55.0,7.6,35.0,6628.0,6494.428571428572,675.2885450291795,222.57142857142856,133.84,4,0,1,23
2026-01-24,26.56,17.71,124.34,168.61,25.45,17.71,56.25,122.05,64.0,0.0,0.0,112.0,116.0,228.0,6.2,7.7,7.6,35.0,34.0,3186.0,3781.0,6967.0,6564.0,8705.0,6967.0,0,0,0,0,0,0,0,0,0,1,1,0,0,0,0,0,0,0,0,0,0,0,6967.0,7717.0,1,6967.0,6344.0,6431.0,7109.0,5603.0,215.0,139.4,111.95,40.0,7.6,35.0,6580.666666666667,6689.285714285715,562.5805762394509,227.7142857142857,141.8857142857143,5,1,1,24
2026-01-25,21.35,13.61,98.37,133.33,24.04,16.05,33.0,97.41,54.0,0.0,0.0,109.0,110.0,219.0,6.2,7.7,7.6,35.0,34.0,3688.0,4029.0,7717.0,8175.0,9483.0,7717.0,0,0,0,0,0,0,0,0,0,1,1,0,0,0,0,0,0,0,0,0,0,0,7717.0,5452.0,1,7717.0,6967.0,6344.0,6431.0,5677.0,228.0,168.61,122.05,64.0,7.7,35.0,7009.333333333333,6980.714285714285,471.8653460065845,228.0,147.32285714285717,6,1,1,25
2026-01-26,23.16,19.27,112.51,154.94,22.08,17.99,21.75,99.21,43.0,0.0,0.0,90.0,90.0,180.0,6.2,7.7,7.6,35.0,34.0,2517.0,2935.0,5452.0,5452.0,6107.0,5452.0,0,0,0,0,0,0,0,0,0,1,1,0,0,0,0,0,0,0,0,0,0,0,5452.0,6866.0,1,5452.0,7717.0,6967.0,6344.0,7230.0,219.0,133.33,97.41,54.0,7.7,35.0,6712.0,6726.714285714285,725.6208179404582,220.42857142857144,150.08857142857144,0,0,1,26
2026-01-28,18.29,22.42,114.5,155.21,17.29,13.05,43.25,115.93,51.0,0.0,0.0,109.0,108.0,217.0,6.2,7.5,7.4,35.0,34.0,,,,6866.0,8254.0,,1,1,1,1,1,1,1,1,1,1,1,1,1,1,1,1,1,1,1,1,1,1,6866.0,6243.0,1,6866.0,6866.0,5452.0,7717.0,7109.0,217.0,155.21,115.93,51.0,7.5,35.0,6394.666666666667,6663.285714285715,696.1627478029683,213.8571428571429,151.49428571428572,2,0,1,28
2026-01-29,29.33,16.35,126.39,172.07,28.89,17.35,37.25,118.24,51.0,0.0,0.0,124.0,126.0,250.0,6.2,7.5,7.4,35.0,34.0,3268.0,2975.0,6243.0,6243.0,7619.0,6243.0,0,0,0,0,0,0,0,0,0,1,1,0,0,0,0,0,0,0,0,0,0,0,6243.0,5433.0,1,6243.0,6866.0,6866.0,5452.0,6431.0,217.0,155.21,115.93,51.0,7.5,35.0,6658.333333333333,6636.428571428572,710.1044188809793,218.0,154.11,3,0,1,29
2026-01-30,17.17,22.39,125.97,165.53,18.81,21.39,38.75,108.22,109.0,0.0,0.0,128.0,140.0,142.0,6.2,7.7,7.6,35.0,34.0,2454.0,2979.0,5433.0,6244.0,7474.0,5433.0,0,0,0,0,0,0,0,0,0,1,1,0,0,0,0,0,0,0,0,0,0,0,5433.0,5494.0,1,5433.0,6243.0,6866.0,6866.0,6344.0,250.0,172.07,118.24,51.0,7.5,35.0,6180.666666666667,6506.285714285715,843.5693439754939,207.57142857142856,157.84285714285716,4,0,1,30
2026-01-31,15.17,19.29,118.98,153.44,15.17,12.12,21.5,85.13,40.0,0.0,0.0,122.0,121.0,243.0,6.2,7.7,7.6,35.0,34.0,2831.0,2663.0,5494.0,5494.0,6289.0,5494.0,0,0,0,0,0,0,0,0,0,1,1,0,0,0,0,0,0,0,0,0,0,0,5494.0,5425.0,1,5494.0,5433.0,6243.0,6866.0,6967.0,142.0,165.53,108.22,109.0,7.7,35.0,5723.333333333333,6295.857142857143,891.8294733433155,209.7142857142857,155.6757142857143,5,1,1,31
2026-02-01,17.15,13.86,109.09,140.1,15.46,13.57,27.25,101.07,38.0,0.0,0.0,107.0,107.0,214.0,6.2,7.8,7.7,35.0,34.0,2415.0,3010.0,5425.0,5425.0,6412.0,5425.0,0,0,0,0,0,0,0,0,0,1,1,0,0,0,0,0,0,0,0,0,0,0,5425.0,4447.0,1,5425.0,5494.0,5433.0,6243.0,7717.0,243.0,153.44,85.13,40.0,7.7,35.0,5450.666666666667,5968.428571428572,678.2867773891486,209.0,156.64285714285714,6,1,2,1
2026-02-02,15.36,22.46,104.1,141.92,16.97,23.3,14.5,125.77,41.0,0.0,0.0,121.0,121.0,242.0,6.2,7.8,7.7,35.0,34.0,2247.0,2200.0,4447.0,4447.0,4857.0,4447.0,0,0,0,0,0,0,0,0,0,1,1,0,0,0,0,0,0,0,0,0,0,0,4447.0,4802.0,1,4447.0,5425.0,5494.0,5433.0,5452.0,214.0,140.1,101.07,38.0,7.8,35.0,5122.0,5824.857142857143,881.683508705824,217.8571428571429,154.78285714285715,0,0,2,2
2026-02-03,9.49,14.57,89.38,113.44,10.39,15.52,27.25,85.26,80.0,0.0,0.0,140.0,141.0,281.0,6.2,7.7,7.6,35.0,34.0,2927.0,1875.0,4802.0,4802.0,4528.0,4802.0,0,0,0,0,0,0,0,0,0,1,1,0,0,0,0,0,0,0,0,0,0,0,4802.0,8954.0,1,4802.0,4447.0,5425.0,5494.0,6866.0,242.0,141.92,125.77,41.0,7.8,35.0,4891.333333333333,5530.0,818.318194021536,227.0,148.81571428571428,1,0,2,3
2026-02-04,15.1,21.6,113.63,150.39,13.03,25.0,16.25,108.18,39.0,0.0,0.0,152.0,152.0,304.0,6.2,7.7,7.6,35.0,34.0,5532.0,3422.0,8954.0,8954.0,11771.0,8954.0,0,0,0,0,0,0,0,0,0,1,1,0,0,0,0,0,0,0,0,0,0,0,8954.0,7437.0,1,8954.0,4802.0,4447.0,5425.0,6866.0,281.0,113.44,85.26,80.0,7.7,35.0,6067.666666666667,5828.285714285715,1490.7451955633603,239.42857142857144,148.12714285714284,2,0,2,4
2026-02-05,0.0,21.6,113.63,150.39,15.37,20.56,12.0,83.26,40.0,0.0,0.0,152.0,152.0,304.0,6.2,7.4,7.4,35.0,34.0,4419.0,3018.0,7437.0,7437.0,17994.0,7437.0,0,1,1,1,0,0,0,0,0,1,1,1,1,1,1,0,0,0,0,0,0,0,7437.0,8183.0,1,7437.0,8954.0,4802.0,4447.0,6243.0,304.0,150.39,108.18,39.0,7.7,35.0,7064.333333333333,5998.857142857143,1609.670714625763,247.14285714285717,145.03,3,0,2,5
2026-02-06,0.0,21.6,113.63,150.39,15.66,16.84,27.25,116.64,40.0,0.0,0.0,152.0,152.0,304.0,6.2,7.4,7.4,35.0,34.0,4853.0,3330.0,8183.0,8183.0,7178.0,8183.0,1,1,1,1,0,0,0,0,1,1,1,1,1,1,1,0,0,0,0,0,0,0,8183.0,9183.0,1,8183.0,7437.0,8954.0,4802.0,5433.0,304.0,150.39,83.26,40.0,7.4,35.0,8191.333333333333,6391.714285714285,1775.5828821625246,270.2857142857143,142.86714285714285,4,0,2,6
2026-02-07,11.57,25.96,90.23,127.76,10.98,9.1,28.25,101.65,40.0,0.0,0.0,152.0,152.0,304.0,6.2,7.4,7.5,34.0,34.0,5224.0,3959.0,9183.0,9183.0,8439.0,9183.0,0,0,0,0,0,0,0,0,1,1,1,1,1,1,1,0,0,0,0,0,0,0,9183.0,5875.0,1,9183.0,8183.0,7437.0,8954.0,5494.0,304.0,150.39,116.64,40.0,7.4,35.0,8267.666666666666,6918.714285714285,1998.2262729969416,279.0,139.1985714285714,5,1,2,7
2026-02-08,11.81,16.7,89.98,118.49,11.25,27.06,18.25,121.23,40.0,0.0,0.0,152.0,152.0,304.0,6.2,7.4,7.5,34.0,34.0,3653.0,2222.0,5875.0,5875.0,4814.0,5875.0,0,0,0,0,0,0,0,0,1,1,1,1,1,1,1,0,0,0,0,0,0,0,5875.0,7726.0,1,5875.0,9183.0,8183.0,7437.0,5425.0,304.0,127.76,101.65,40.0,7.4,34.0,7747.0,6983.0,1948.789282263908,291.85714285714283,136.11142857142858,6,1,2,8
2026-02-09,11.46,47.15,93.74,152.35,12.61,20.2,19.25,106.16,40.0,0.0,0.0,152.0,152.0,304.0,6.2,7.42,7.7,36.0,35.0,4357.0,3369.0,7726.0,7726.0,6215.0,7726.0,0,0,0,0,0,0,0,0,1,1,1,1,1,1,1,0,0,0,0,0,0,0,7726.0,8101.0,1,7726.0,5875.0,9183.0,8183.0,4447.0,304.0,118.49,121.23,40.0,7.4,34.0,7594.666666666667,7451.428571428572,1600.5964364514136,300.7142857142857,137.60142857142856,0,0,2,9
2026-02-10,10.61,19.07,101.85,131.53,10.61,19.69,14.25,103.1,40.0,0.0,0.0,152.0,152.0,304.0,6.2,7.5,7.7,36.0,35.0,5130.0,2971.0,8101.0,8101.0,6230.0,8101.0,0,0,0,0,0,0,0,0,1,1,1,1,1,1,1,0,0,0,0,0,0,0,8101.0,6150.0,1,8101.0,7726.0,5875.0,9183.0,4802.0,304.0,152.35,106.16,40.0,7.42,36.0,7234.0,7922.714285714285,1096.9011979641791,304.0,140.18571428571428,1,0,2,10
2026-02-11,8.71,22.17,117.03,147.91,8.71,25.17,22.5,112.41,40.0,0.0,0.0,152.0,152.0,304.0,6.2,7.5,7.7,36.0,35.0,3732.0,2418.0,6150.0,6150.0,4965.0,6150.0,0,0,0,0,0,0,0,0,1,1,1,1,1,1,1,0,0,0,0,0,0,0,6150.0,3662.0,1,6150.0,8101.0,7726.0,5875.0,8954.0,304.0,131.53,103.1,40.0,7.5,36.0,7325.666666666667,7522.142857142857,1167.255817229949,304.0,139.83142857142855,2,0,2,11
2026-02-12,14.37,19.49,131.01,164.87,13.33,18.1,3.0,99.46,40.0,0.0,0.0,152.0,152.0,304.0,6.2,7.3,7.4,36.0,35.0,1713.0,1949.0,3662.0,2923.0,2687.0,3662.0,0,0,0,0,0,0,0,0,1,1,1,1,1,1,1,0,0,0,0,0,0,0,3662.0,3717.0,1,3662.0,6150.0,8101.0,7726.0,7437.0,304.0,147.91,112.41,40.0,7.5,36.0,5971.0,6982.857142857143,1872.2787745215244,304.0,141.9,3,0,2,12
2026-02-13,11.1,15.11,119.97,146.18,10.77,20.11,0.0,98.48,40.0,0.0,0.0,152.0,152.0,304.0,6.2,7.3,7.4,36.0,35.0,1417.0,2300.0,3717.0,1939.0,1927.0,3717.0,0,0,0,0,0,0,0,0,1,1,1,1,1,1,1,0,0,0,0,0,0,0,3717.0,4744.0,1,3717.0,3662.0,6150.0,8101.0,8183.0,304.0,164.87,99.46,40.0,7.3,36.0,4509.666666666667,6344.857142857143,2137.3168091925804,304.0,141.29857142857142,4,0,2,13
2026-02-14,11.84,25.48,119.41,156.73,10.84,17.54,0.0,101.35,40.0,0.0,0.0,152.0,152.0,304.0,6.2,7.5,7.6,35.0,35.0,2206.0,2538.0,4744.0,2797.0,2866.0,4744.0,0,0,0,0,0,0,0,0,1,1,1,1,1,1,1,0,0,0,0,0,0,0,4744.0,3475.0,1,4744.0,3717.0,3662.0,6150.0,9183.0,304.0,146.18,98.48,40.0,7.3,36.0,4041.0,5710.714285714285,1784.2583626711446,304.0,145.43714285714285,5,1,2,14
